-- MySQL dump 10.13  Distrib 5.7.14, for Win64 (x86_64)
--
-- Host: localhost    Database: proyectoelectrimar
-- ------------------------------------------------------
-- Server version	5.7.14

/*!40101 SET @OLD_CHARACTER_SET_CLIENT=@@CHARACTER_SET_CLIENT */;
/*!40101 SET @OLD_CHARACTER_SET_RESULTS=@@CHARACTER_SET_RESULTS */;
/*!40101 SET @OLD_COLLATION_CONNECTION=@@COLLATION_CONNECTION */;
/*!40101 SET NAMES utf8 */;
/*!40103 SET @OLD_TIME_ZONE=@@TIME_ZONE */;
/*!40103 SET TIME_ZONE='+00:00' */;
/*!40014 SET @OLD_UNIQUE_CHECKS=@@UNIQUE_CHECKS, UNIQUE_CHECKS=0 */;
/*!40014 SET @OLD_FOREIGN_KEY_CHECKS=@@FOREIGN_KEY_CHECKS, FOREIGN_KEY_CHECKS=0 */;
/*!40101 SET @OLD_SQL_MODE=@@SQL_MODE, SQL_MODE='NO_AUTO_VALUE_ON_ZERO' */;
/*!40111 SET @OLD_SQL_NOTES=@@SQL_NOTES, SQL_NOTES=0 */;

--
-- Table structure for table `categoria`
--

DROP TABLE IF EXISTS `categoria`;
/*!40101 SET @saved_cs_client     = @@character_set_client */;
/*!40101 SET character_set_client = utf8 */;
CREATE TABLE `categoria` (
  `id_categoria` int(12) NOT NULL AUTO_INCREMENT,
  `nombre` varchar(255) NOT NULL,
  `descripcion` varchar(255) NOT NULL,
  PRIMARY KEY (`id_categoria`),
  KEY `id_categoria` (`id_categoria`)
) ENGINE=InnoDB AUTO_INCREMENT=35 DEFAULT CHARSET=latin1;
/*!40101 SET character_set_client = @saved_cs_client */;

--
-- Dumping data for table `categoria`
--

LOCK TABLES `categoria` WRITE;
/*!40000 ALTER TABLE `categoria` DISABLE KEYS */;
INSERT INTO `categoria` VALUES (1,'Galica','Galica'),(2,'Codelca','Codelca'),(3,'Varios','Varios'),(4,'Tubo PVC','Tubo PVC'),(5,'Tubo EMT','Tubo EMT'),(6,'TUBO EMT FUJI','TUBO EMT FUJI'),(7,'TUBO GALVANIZA','TUBO GALVANIZA'),(8,'CURVA EMT','CURVA EMT'),(9,'CURVA IMC','CURVA IMC'),(10,'UNION GALVANIZA','UNION GALVANIZA'),(11,'CABLE DUPLEX ','CABLE DUPLEX '),(12,'UNION EMT','UNION EMT'),(13,'TERMINAL EMT ','TERMINAL EMT '),(14,'CABLE CONCEN','CABLE CONCEN'),(15,'ENCAUCHE CONAL','ENCAUCHE CONAL'),(16,'TERMINAL  PON EST','TERMINAL  PON EST'),(17,'CURVA PVC','CURVA PVC'),(18,'TERMINAL PVC','TERMINAL PVC'),(19,'CABLE DE COBRE','CABLE DE COBRE'),(20,'DESNUDOS','DESNUDOS'),(21,'EXTRACTORES','EXTRACTORES'),(22,'CABLE CONCENTRI','CABLE CONCENTRI'),(23,'CAJAS  CONTADOR','CAJAS  CONTADOR'),(24,'TUBO FLUORES','TUBO FLUORES'),(25,'CABLE ALUM  SERIE 8000','CABLE ALUM  SERIE 8000'),(26,'EMPALME TUBULA','EMPALME TUBULA'),(27,'CORAZA AMERICANA ','CORAZA AMERICANA '),(28,'TUBO  CORRUGADO','TUBO  CORRUGADO'),(29,'CABLE TRIPLEX','CABLE TRIPLEX'),(30,'MINIPRAGMA RIEL','MINIPRAGMA RIEL'),(31,'VARILLAS DE COBRE','VARILLAS DE COBRE'),(32,'Prueba','Prueba'),(33,'Test','Test'),(34,'Test 3','Test 3');
/*!40000 ALTER TABLE `categoria` ENABLE KEYS */;
UNLOCK TABLES;

--
-- Table structure for table `cliente`
--

DROP TABLE IF EXISTS `cliente`;
/*!40101 SET @saved_cs_client     = @@character_set_client */;
/*!40101 SET character_set_client = utf8 */;
CREATE TABLE `cliente` (
  `id` int(11) NOT NULL AUTO_INCREMENT,
  `nombre` varchar(255) NOT NULL,
  `apellido` varchar(255) NOT NULL,
  `email` varchar(255) NOT NULL,
  `fec_nac` date NOT NULL,
  `direccion` varchar(255) NOT NULL,
  `telefono` int(12) NOT NULL,
  PRIMARY KEY (`id`),
  KEY `email` (`email`)
) ENGINE=InnoDB AUTO_INCREMENT=4 DEFAULT CHARSET=latin1;
/*!40101 SET character_set_client = @saved_cs_client */;

--
-- Dumping data for table `cliente`
--

LOCK TABLES `cliente` WRITE;
/*!40000 ALTER TABLE `cliente` DISABLE KEYS */;
INSERT INTO `cliente` VALUES (1,'admin','supremo','a@admin.com','1996-10-12','calle 12',22222222),(2,'Almacen','Supremo','aa@almacen.com','2016-11-06','calle 6',123456),(3,'prueba','prueba','prueba@prueba.com','1900-10-10','cra21',154897954);
/*!40000 ALTER TABLE `cliente` ENABLE KEYS */;
UNLOCK TABLES;

--
-- Table structure for table `estanteria`
--

DROP TABLE IF EXISTS `estanteria`;
/*!40101 SET @saved_cs_client     = @@character_set_client */;
/*!40101 SET character_set_client = utf8 */;
CREATE TABLE `estanteria` (
  `cod_estanteria` varchar(3) NOT NULL,
  `descripcion` varchar(255) NOT NULL,
  PRIMARY KEY (`cod_estanteria`),
  KEY `cod_estanteria` (`cod_estanteria`)
) ENGINE=InnoDB DEFAULT CHARSET=latin1;
/*!40101 SET character_set_client = @saved_cs_client */;

--
-- Dumping data for table `estanteria`
--

LOCK TABLES `estanteria` WRITE;
/*!40000 ALTER TABLE `estanteria` DISABLE KEYS */;
INSERT INTO `estanteria` VALUES ('A1','A1'),('A2','A2'),('A3','A3'),('A4','A4'),('A5','A5'),('A6','A6'),('A7','A7');
/*!40000 ALTER TABLE `estanteria` ENABLE KEYS */;
UNLOCK TABLES;

--
-- Table structure for table `producto`
--

DROP TABLE IF EXISTS `producto`;
/*!40101 SET @saved_cs_client     = @@character_set_client */;
/*!40101 SET character_set_client = utf8 */;
CREATE TABLE `producto` (
  `id_producto` int(12) NOT NULL AUTO_INCREMENT,
  `nombre` varchar(255) NOT NULL,
  `descripcion` varchar(255) NOT NULL,
  `img` varchar(255) DEFAULT NULL,
  `referencia` varchar(255) NOT NULL,
  `peso` int(12) DEFAULT NULL,
  `unidad` int(12) DEFAULT NULL,
  `alto` int(12) DEFAULT NULL,
  `ancho` int(12) DEFAULT NULL,
  `valor` int(12) NOT NULL,
  `existencia` int(12) NOT NULL,
  `fechaentrada` date NOT NULL,
  `stock` int(12) NOT NULL,
  `id_categoria` varchar(12) NOT NULL,
  `cod_estanteria` varchar(3) NOT NULL,
  PRIMARY KEY (`id_producto`),
  KEY `id_categoria` (`id_categoria`),
  KEY `cod_estanteria` (`cod_estanteria`)
) ENGINE=InnoDB AUTO_INCREMENT=407 DEFAULT CHARSET=latin1;
/*!40101 SET character_set_client = @saved_cs_client */;

--
-- Dumping data for table `producto`
--

LOCK TABLES `producto` WRITE;
/*!40000 ALTER TABLE `producto` DISABLE KEYS */;
INSERT INTO `producto` VALUES (1,'INTERRUPTOR SENCILLO','INTERRUPTOR SENCILLO',NULL,'GL-010A',NULL,NULL,NULL,NULL,3200,8,'2016-11-06',8,'1','A1'),(2,'INTERUPTOR CONM SENC','INTERUPTOR CONM SENC',NULL,'GL-020A',NULL,NULL,NULL,NULL,3700,5,'2016-11-06',5,'2','A1'),(3,'INTERUPTOR DOBLE','INTERUPTOR DOBLE',NULL,'GL-101A',NULL,NULL,NULL,NULL,4750,65,'2016-11-06',65,'3','A1'),(4,'INTERUPTOR CONM DOBL','INTERUPTOR CONM DOBL',NULL,'GL-202A',NULL,NULL,NULL,NULL,6000,92,'2016-11-06',92,'4','A1'),(5,'INTERUPTOR TRIPLE','INTERUPTOR TRIPLE',NULL,'GL-111A',NULL,NULL,NULL,NULL,6700,51,'2016-11-06',51,'5','A1'),(6,'INTERRU + TOMA C /P','INTERRU + TOMA C /P',NULL,'GL-301AG',NULL,NULL,NULL,NULL,6750,51,'2016-11-06',51,'7','A1'),(7,'TOMA DBLE C/P','TOMA DBLE C/P',NULL,'GL-303AG',NULL,NULL,NULL,NULL,3850,78,'2016-11-06',78,'8','A1'),(8,'TOMA TELF SENCILLA','TOMA TELF SENCILLA',NULL,'GL-06075A',NULL,NULL,NULL,NULL,4100,5,'2016-11-06',5,'9','A1'),(9,'TOMA TELF DOBLE','TOMA TELF DOBLE',NULL,'GL-50A',NULL,NULL,NULL,NULL,6657,6,'2016-11-06',6,'10','A1'),(10,'TACO ENCH 1 X 20 LEGRA','TACO ENCH 1 X 20 LEGRA',NULL,'DSE-1020',NULL,NULL,NULL,NULL,6900,8,'2016-11-06',8,'11','A1'),(11,'TACO ENCH  1 X 30 LEGRA','TACO ENCH  1 X 30 LEGRA',NULL,'DSE-1030',NULL,NULL,NULL,NULL,6750,5,'2016-11-06',5,'12','A1'),(12,'TOMA COAXIAL GALICA','TOMA COAXIAL GALICA',NULL,'GL-06075A',NULL,NULL,NULL,NULL,2950,65,'2016-11-06',65,'13','A1'),(13,'CLAVIJA DOMESTICA 15 A','CLAVIJA DOMESTICA 15 A',NULL,'COD03',NULL,NULL,NULL,NULL,1100,92,'2016-11-06',92,'14','A1'),(14,'CLAVIJA INDUSTRIAL 15 A','CLAVIJA INDUSTRIAL 15 A',NULL,'COD04',NULL,NULL,NULL,NULL,1300,51,'2016-11-06',51,'15','A1'),(15,'CLAVIJA TE 15 A','CLAVIJA TE 15 A',NULL,'COD05',NULL,NULL,NULL,NULL,1700,4,'2016-11-06',4,'16','A1'),(16,'CONVERTIDOR POLO ','CONVERTIDOR POLO ',NULL,'COD06',NULL,NULL,NULL,NULL,1650,51,'2016-11-06',51,'17','A1'),(17,'CLAVIJA C / POLO','CLAVIJA C / POLO',NULL,'COD08',NULL,NULL,NULL,NULL,2300,78,'2016-11-06',78,'18','A1'),(18,'CLAVIJA PATA TRAB 20 A','CLAVIJA PATA TRAB 20 A',NULL,'COD09',NULL,NULL,NULL,NULL,2000,5,'2016-11-06',5,'19','A1'),(19,'CLAVIJA TRIF 20 A','CLAVIJA TRIF 20 A',NULL,'COD10',NULL,NULL,NULL,NULL,2500,6,'2016-11-06',6,'20','A1'),(20,'CLAVIJA TRI 50 A ','CLAVIJA TRI 50 A ',NULL,'COD12',NULL,NULL,NULL,NULL,7500,8,'2016-11-06',8,'21','A1'),(21,'CLAVIJA SEG C/PO 20 A','CLAVIJA SEG C/PO 20 A',NULL,'COD13',NULL,NULL,NULL,NULL,5650,5,'2016-11-06',5,'22','A1'),(22,'TOMA AEREA DOMES 15 A','TOMA AEREA DOMES 15 A',NULL,'COD17',NULL,NULL,NULL,NULL,1600,65,'2016-11-06',65,'23','A1'),(23,'TOMA AEREA IND 15 A','TOMA AEREA IND 15 A',NULL,'COD18',NULL,NULL,NULL,NULL,1950,92,'2016-11-06',92,'24','A1'),(24,'TOMA AEREA C /POL 15 A','TOMA AEREA C /POL 15 A',NULL,'COD19',NULL,NULL,NULL,NULL,2900,51,'2016-11-06',51,'25','A1'),(25,'TOMA AEREA PATA TRA 20 ','TOMA AEREA PATA TRA 20 ',NULL,'COD20',NULL,NULL,NULL,NULL,3000,4,'2016-11-06',4,'1','A1'),(26,'TOMA INCRUS PATA TR 20','TOMA INCRUS PATA TR 20',NULL,'COD22',NULL,NULL,NULL,NULL,4550,51,'2016-11-06',51,'2','A1'),(27,'TOMA INCRUS TRIF20A','TOMA INCRUS TRIF20A',NULL,'COD24 ',NULL,NULL,NULL,NULL,4800,78,'2016-11-06',78,'3','A1'),(28,'TOMA TRIF INCRU 50 A','TOMA TRIF INCRU 50 A',NULL,'COD25 ',NULL,NULL,NULL,NULL,9800,5,'2016-11-06',5,'4','A1'),(29,'TOMA SEG C /POL ','TOMA SEG C /POL ',NULL,'COD26',NULL,NULL,NULL,NULL,5850,6,'2016-11-06',6,'5','A1'),(30,'PORTALAMPARA INTERP','PORTALAMPARA INTERP',NULL,'COD27',NULL,NULL,NULL,NULL,950,8,'2016-11-06',8,'6','A1'),(31,'PORTAL INTERP EXPORTA','PORTAL INTERP EXPORTA',NULL,'COD28 ',NULL,NULL,NULL,NULL,1700,5,'2016-11-06',5,'7','A1'),(32,'ROSETA PLASTI CODEL','ROSETA PLASTI CODEL',NULL,'COD29',NULL,NULL,NULL,NULL,1650,65,'2016-11-06',65,'8','A1'),(33,'CAJA PLAS 5800','CAJA PLAS 5800',NULL,'COD30',NULL,NULL,NULL,NULL,525,92,'2016-11-06',92,'9','A1'),(34,'CAJA PLAS OCT','CAJA PLAS OCT',NULL,'COD31',NULL,NULL,NULL,NULL,650,51,'2016-11-06',51,'10','A1'),(35,'CAJA PLAST 2400 ','CAJA PLAST 2400 ',NULL,'COD32',NULL,NULL,NULL,NULL,850,4,'2016-11-06',4,'11','A1'),(36,'SUPLEMENTO PLAST','SUPLEMENTO PLAST',NULL,'COD33',NULL,NULL,NULL,NULL,350,51,'2016-11-06',51,'12','A1'),(37,'CAJA 5800 GALV IND','CAJA 5800 GALV IND',NULL,'C520I',NULL,NULL,NULL,NULL,1000,78,'2016-11-06',78,'13','A1'),(38,'CAJA 2400 GALV IND','CAJA 2400 GALV IND',NULL,'CO20I',NULL,NULL,NULL,NULL,1300,5,'2016-11-06',5,'14','A1'),(39,'CAJA OCTAGO.GALV IND','CAJA OCTAGO.GALV IND',NULL,'C220I',NULL,NULL,NULL,NULL,1000,6,'2016-11-06',6,'15','A1'),(40,'SUPLEMENTO GALVA INDU','SUPLEMENTO GALVA INDU',NULL,'SUG',NULL,NULL,NULL,NULL,460,8,'2016-11-06',8,'16','A1'),(41,'CAJA PARA CANALETA DEXON ','CAJA PARA CANALETA DEXON ',NULL,'DXN5011S',NULL,NULL,NULL,NULL,3000,5,'2016-11-06',5,'17','A1'),(42,'TOMA DOBLE LEVINTON','TOMA DOBLE LEVINTON',NULL,'LEV',NULL,NULL,NULL,NULL,1750,65,'2016-11-06',65,'18','A1'),(43,'TOMA DOBLE DE S/PONER','TOMA DOBLE DE S/PONER',NULL,'LE09',NULL,NULL,NULL,NULL,1200,92,'2016-11-06',92,'19','A1'),(44,'SENSOR DE MOVIMIENTO 360º','SENSOR DE MOVIMIENTO 360º',NULL,'',NULL,NULL,NULL,NULL,13750,51,'2016-11-06',51,'20','A1'),(45,'SENSOR CON SOPORTE ','SENSOR CON SOPORTE ',NULL,'',NULL,NULL,NULL,NULL,13750,4,'2016-11-06',4,'21','A1'),(46,'JACK RJ45','JACK RJ45',NULL,'',NULL,NULL,NULL,NULL,3450,51,'2016-11-06',51,'22','A1'),(47,'FACE PLATE DOBLE ','FACE PLATE DOBLE ',NULL,'',NULL,NULL,NULL,NULL,3000,78,'2016-11-06',78,'23','A1'),(48,'AMARRES DE 10 CM ','AMARRES DE 10 CM ',NULL,'',NULL,NULL,NULL,NULL,950,5,'2016-11-06',5,'24','A1'),(49,'AMARRES DE 15 CM ','AMARRES DE 15 CM ',NULL,'',NULL,NULL,NULL,NULL,2350,6,'2016-11-06',6,'25','A1'),(50,'AMARRES DE 20 CM ','AMARRES DE 20 CM ',NULL,'',NULL,NULL,NULL,NULL,3550,8,'2016-11-06',8,'1','A1'),(51,'INTERRUPTOR SENCILLO','INTERRUPTOR SENCILLO',NULL,'GL-010A',NULL,NULL,NULL,NULL,3200,8,'2016-11-06',8,'1','A1'),(52,'INTERUPTOR CONM SENC','INTERUPTOR CONM SENC',NULL,'GL-020A',NULL,NULL,NULL,NULL,3700,5,'2016-11-06',5,'2','A1'),(53,'INTERUPTOR DOBLE','INTERUPTOR DOBLE',NULL,'GL-101A',NULL,NULL,NULL,NULL,4750,65,'2016-11-06',65,'3','A1'),(54,'INTERUPTOR CONM DOBL','INTERUPTOR CONM DOBL',NULL,'GL-202A',NULL,NULL,NULL,NULL,6000,92,'2016-11-06',92,'4','A1'),(55,'INTERUPTOR TRIPLE','INTERUPTOR TRIPLE',NULL,'GL-111A',NULL,NULL,NULL,NULL,6700,51,'2016-11-06',51,'5','A1'),(56,'INTERUPTOR COM TRIP','INTERUPTOR COM TRIP',NULL,'GL-222A',NULL,NULL,NULL,NULL,1000,4,'2016-11-06',4,'6','A1'),(57,'INTERRU + TOMA C /P','INTERRU + TOMA C /P',NULL,'GL-301AG',NULL,NULL,NULL,NULL,6750,51,'2016-11-06',51,'7','A1'),(58,'TOMA DBLE C/P','TOMA DBLE C/P',NULL,'GL-303AG',NULL,NULL,NULL,NULL,3850,78,'2016-11-06',78,'8','A1'),(59,'TOMA TELF SENCILLA','TOMA TELF SENCILLA',NULL,'GL-06075A',NULL,NULL,NULL,NULL,4100,5,'2016-11-06',5,'9','A1'),(60,'TOMA TELF DOBLE','TOMA TELF DOBLE',NULL,'GL-50A',NULL,NULL,NULL,NULL,6657,6,'2016-11-06',6,'10','A1'),(61,'TACO ENCH 1 X 20 LEGRA','TACO ENCH 1 X 20 LEGRA',NULL,'DSE-1020',NULL,NULL,NULL,NULL,6900,8,'2016-11-06',8,'11','A1'),(62,'TACO ENCH  1 X 30 LEGRA','TACO ENCH  1 X 30 LEGRA',NULL,'DSE-1030',NULL,NULL,NULL,NULL,6750,5,'2016-11-06',5,'12','A1'),(63,'TOMA COAXIAL GALICA','TOMA COAXIAL GALICA',NULL,'GL-06075A',NULL,NULL,NULL,NULL,2950,65,'2016-11-06',65,'13','A1'),(64,'CLAVIJA DOMESTICA 15 A','CLAVIJA DOMESTICA 15 A',NULL,'COD03',NULL,NULL,NULL,NULL,1100,92,'2016-11-06',92,'14','A1'),(65,'CLAVIJA INDUSTRIAL 15 A','CLAVIJA INDUSTRIAL 15 A',NULL,'COD04',NULL,NULL,NULL,NULL,1300,51,'2016-11-06',51,'15','A1'),(66,'CLAVIJA TE 15 A','CLAVIJA TE 15 A',NULL,'COD05',NULL,NULL,NULL,NULL,1700,4,'2016-11-06',4,'16','A1'),(67,'CONVERTIDOR POLO ','CONVERTIDOR POLO ',NULL,'COD06',NULL,NULL,NULL,NULL,1650,51,'2016-11-06',51,'17','A1'),(68,'CLAVIJA C / POLO','CLAVIJA C / POLO',NULL,'COD08',NULL,NULL,NULL,NULL,2300,78,'2016-11-06',78,'18','A1'),(69,'CLAVIJA PATA TRAB 20 A','CLAVIJA PATA TRAB 20 A',NULL,'COD09',NULL,NULL,NULL,NULL,2000,5,'2016-11-06',5,'19','A1'),(70,'CLAVIJA TRIF 20 A','CLAVIJA TRIF 20 A',NULL,'COD10',NULL,NULL,NULL,NULL,2500,6,'2016-11-06',6,'20','A1'),(71,'CLAVIJA TRI 50 A ','CLAVIJA TRI 50 A ',NULL,'COD12',NULL,NULL,NULL,NULL,7500,8,'2016-11-06',8,'21','A1'),(72,'CLAVIJA SEG C/PO 20 A','CLAVIJA SEG C/PO 20 A',NULL,'COD13',NULL,NULL,NULL,NULL,5650,5,'2016-11-06',5,'22','A1'),(73,'TOMA AEREA DOMES 15 A','TOMA AEREA DOMES 15 A',NULL,'COD17',NULL,NULL,NULL,NULL,1600,65,'2016-11-06',65,'23','A1'),(74,'TOMA AEREA IND 15 A','TOMA AEREA IND 15 A',NULL,'COD18',NULL,NULL,NULL,NULL,1950,92,'2016-11-06',92,'24','A1'),(75,'TOMA AEREA C /POL 15 A','TOMA AEREA C /POL 15 A',NULL,'COD19',NULL,NULL,NULL,NULL,2900,51,'2016-11-06',51,'25','A1'),(76,'TOMA AEREA PATA TRA 20 ','TOMA AEREA PATA TRA 20 ',NULL,'COD20',NULL,NULL,NULL,NULL,3000,4,'2016-11-06',4,'1','A1'),(77,'TOMA INCRUS PATA TR 20','TOMA INCRUS PATA TR 20',NULL,'COD22',NULL,NULL,NULL,NULL,4550,51,'2016-11-06',51,'2','A1'),(78,'TOMA INCRUS TRIF20A','TOMA INCRUS TRIF20A',NULL,'COD24 ',NULL,NULL,NULL,NULL,4800,78,'2016-11-06',78,'3','A1'),(79,'TOMA TRIF INCRU 50 A','TOMA TRIF INCRU 50 A',NULL,'COD25 ',NULL,NULL,NULL,NULL,9800,5,'2016-11-06',5,'4','A1'),(80,'TOMA SEG C /POL ','TOMA SEG C /POL ',NULL,'COD26',NULL,NULL,NULL,NULL,5850,6,'2016-11-06',6,'5','A1'),(81,'PORTALAMPARA INTERP','PORTALAMPARA INTERP',NULL,'COD27',NULL,NULL,NULL,NULL,950,8,'2016-11-06',8,'6','A1'),(82,'PORTAL INTERP EXPORTA','PORTAL INTERP EXPORTA',NULL,'COD28 ',NULL,NULL,NULL,NULL,1700,5,'2016-11-06',5,'7','A1'),(83,'ROSETA PLASTI CODEL','ROSETA PLASTI CODEL',NULL,'COD29',NULL,NULL,NULL,NULL,1650,65,'2016-11-06',65,'8','A1'),(84,'CAJA PLAS 5800','CAJA PLAS 5800',NULL,'COD30',NULL,NULL,NULL,NULL,525,92,'2016-11-06',92,'9','A1'),(85,'CAJA PLAS OCT','CAJA PLAS OCT',NULL,'COD31',NULL,NULL,NULL,NULL,650,51,'2016-11-06',51,'10','A1'),(86,'CAJA PLAST 2400 ','CAJA PLAST 2400 ',NULL,'COD32',NULL,NULL,NULL,NULL,850,4,'2016-11-06',4,'11','A1'),(87,'SUPLEMENTO PLAST','SUPLEMENTO PLAST',NULL,'COD33',NULL,NULL,NULL,NULL,350,51,'2016-11-06',51,'12','A1'),(88,'CAJA 5800 GALV IND','CAJA 5800 GALV IND',NULL,'C520I',NULL,NULL,NULL,NULL,1000,78,'2016-11-06',78,'13','A1'),(89,'CAJA 2400 GALV IND','CAJA 2400 GALV IND',NULL,'CO20I',NULL,NULL,NULL,NULL,1300,5,'2016-11-06',5,'14','A1'),(90,'CAJA OCTAGO.GALV IND','CAJA OCTAGO.GALV IND',NULL,'C220I',NULL,NULL,NULL,NULL,1000,6,'2016-11-06',6,'15','A1'),(91,'SUPLEMENTO GALVA INDU','SUPLEMENTO GALVA INDU',NULL,'SUG',NULL,NULL,NULL,NULL,460,8,'2016-11-06',8,'16','A1'),(92,'CAJA PARA CANALETA DEXON ','CAJA PARA CANALETA DEXON ',NULL,'DXN5011S',NULL,NULL,NULL,NULL,3000,5,'2016-11-06',5,'17','A1'),(93,'TOMA DOBLE LEVINTON','TOMA DOBLE LEVINTON',NULL,'LEV',NULL,NULL,NULL,NULL,1750,65,'2016-11-06',65,'18','A1'),(94,'TOMA DOBLE DE S/PONER','TOMA DOBLE DE S/PONER',NULL,'LE09',NULL,NULL,NULL,NULL,1200,92,'2016-11-06',92,'19','A1'),(95,'SENSOR DE MOVIMIENTO 360º','SENSOR DE MOVIMIENTO 360º',NULL,'SEN-001',NULL,NULL,NULL,NULL,13750,51,'2016-11-06',51,'20','A1'),(96,'SENSOR CON SOPORTE ','SENSOR CON SOPORTE ',NULL,'SEN-002',NULL,NULL,NULL,NULL,13750,4,'2016-11-06',4,'21','A1'),(97,'JACK RJ45','JACK RJ45',NULL,'JACK-025',NULL,NULL,NULL,NULL,3450,51,'2016-11-06',51,'22','A1'),(98,'FACE PLATE DOBLE ','FACE PLATE DOBLE ',NULL,'FP-001',NULL,NULL,NULL,NULL,3000,78,'2016-11-06',78,'23','A1'),(99,'AMARRES DE 10 CM ','AMARRES DE 10 CM ',NULL,'AMA-001',NULL,NULL,NULL,NULL,950,5,'2016-11-06',5,'24','A1'),(100,'AMARRES DE 15 CM ','AMARRES DE 15 CM ',NULL,'AMA-002',NULL,NULL,NULL,NULL,2350,6,'2016-11-06',6,'25','A1'),(101,'AMARRES DE 20 CM ','AMARRES DE 20 CM ',NULL,'AMA-003',NULL,NULL,NULL,NULL,3550,8,'2016-11-06',8,'1','A1'),(102,'AMARRES DE 30 CM ','AMARRES DE 30 CM ',NULL,'AMA-004',NULL,NULL,NULL,NULL,6800,5,'2016-11-06',5,'2','A1'),(103,'TUBO PVC 1/2`','TUBO PVC 1/2`',NULL,'TUBO 1',NULL,NULL,NULL,NULL,1897,65,'2016-11-06',65,'3','A1'),(104,'`TUBO PVC 3/4','`TUBO PVC 3/4',NULL,'TUBO 2',NULL,NULL,NULL,NULL,2650,92,'2016-11-06',92,'4','A1'),(105,'TUBO PVC 1\'','TUBO PVC 1\'',NULL,'TUBO 3',NULL,NULL,NULL,NULL,3900,51,'2016-11-06',51,'5','A1'),(106,'TUBO PVC 11/4``','TUBO PVC 11/4``',NULL,'TUBO 4',NULL,NULL,NULL,NULL,6050,4,'2016-11-06',4,'6','A1'),(107,'TUBO PVC 11/2','TUBO PVC 11/2',NULL,'TUBO 5',NULL,NULL,NULL,NULL,7700,51,'2016-11-06',51,'7','A1'),(108,'TUBO PVC 2\'','TUBO PVC 2\'',NULL,'TUBO 6',NULL,NULL,NULL,NULL,9850,78,'2016-11-06',78,'8','A1'),(109,'TUBO EMT 1/2 TUBOMAC','TUBO EMT 1/2 TUBOMAC',NULL,'P050E',NULL,NULL,NULL,NULL,4350,5,'2016-11-06',5,'9','A1'),(110,'TUBO EMT 3/4 TUBOMAC','TUBO EMT 3/4 TUBOMAC',NULL,'P075E',NULL,NULL,NULL,NULL,6350,6,'2016-11-06',6,'10','A1'),(111,'TUBO EMT 1\"TUBOMAC','TUBO EMT 1\"TUBOMAC',NULL,'P100E',NULL,NULL,NULL,NULL,9900,8,'2016-11-06',8,'11','A1'),(112,'TUBO EMT 11/4 TUBOMAC','TUBO EMT 11/4 TUBOMAC',NULL,'P125E',NULL,NULL,NULL,NULL,14375,5,'2016-11-06',5,'12','A1'),(113,'TUBO EMT 11/2 TUBOMAC','TUBO EMT 11/2 TUBOMAC',NULL,'P150E',NULL,NULL,NULL,NULL,16850,65,'2016-11-06',65,'13','A1'),(114,'TUBO EMT 2 \" TUBOMAC','TUBO EMT 2 \" TUBOMAC',NULL,'P175E',NULL,NULL,NULL,NULL,25100,92,'2016-11-06',92,'14','A1'),(115,'TUBO EMT 3\' TUBOMAC ','TUBO EMT 3\' TUBOMAC ',NULL,'P225E',NULL,NULL,NULL,NULL,51750,51,'2016-11-06',51,'15','A1'),(116,'TUBO EMT 4\' TUBOMAC','TUBO EMT 4\' TUBOMAC',NULL,'P250E',NULL,NULL,NULL,NULL,78700,4,'2016-11-06',4,'16','A1'),(117,'TUBO EMT 1/2 FIJI','TUBO EMT 1/2 FIJI',NULL,'P050F',NULL,NULL,NULL,NULL,5800,51,'2016-11-06',51,'17','A1'),(118,'TUBO EMT 3/4 FUJI','TUBO EMT 3/4 FUJI',NULL,'P075F',NULL,NULL,NULL,NULL,8800,78,'2016-11-06',78,'18','A1'),(119,'TUBO EMT 1 \" FUJI','TUBO EMT 1 \" FUJI',NULL,'P100F',NULL,NULL,NULL,NULL,13200,5,'2016-11-06',5,'19','A1'),(120,'TUBO EMT 11/4 FUJI','TUBO EMT 11/4 FUJI',NULL,'P125F',NULL,NULL,NULL,NULL,20500,6,'2016-11-06',6,'20','A1'),(121,'TUBO EMT 11/2 FUJI','TUBO EMT 11/2 FUJI',NULL,'P150F',NULL,NULL,NULL,NULL,24700,8,'2016-11-06',8,'21','A1'),(122,'TUBO EMT 2\"FUJI','TUBO EMT 2\"FUJI',NULL,'P175F',NULL,NULL,NULL,NULL,29700,5,'2016-11-06',5,'22','A1'),(123,'tTUBO GALVANIZADO 1/2','tTUBO GALVANIZADO 1/2',NULL,'P050G',NULL,NULL,NULL,NULL,8200,65,'2016-11-06',65,'23','A1'),(124,'TUBO GALVANIZADO 3/4','TUBO GALVANIZADO 3/4',NULL,'9075G',NULL,NULL,NULL,NULL,13000,92,'2016-11-06',92,'24','A1'),(125,'TUBO GALVANIZADO 1\"','TUBO GALVANIZADO 1\"',NULL,'P100G',NULL,NULL,NULL,NULL,18000,51,'2016-11-06',51,'25','A1'),(126,'TUBO GALVANIZADO 11/4','TUBO GALVANIZADO 11/4',NULL,'P125G',NULL,NULL,NULL,NULL,27900,4,'2016-11-06',4,'1','A1'),(127,'TUBO GALVANIZADO 11/2','TUBO GALVANIZADO 11/2',NULL,'P150G',NULL,NULL,NULL,NULL,32700,51,'2016-11-06',51,'2','A1'),(128,'TUBO GALVANIZADO 2\"','TUBO GALVANIZADO 2\"',NULL,'P175G',NULL,NULL,NULL,NULL,47800,78,'2016-11-06',78,'3','A1'),(129,'TUBO GALVANIZADO 4\'','TUBO GALVANIZADO 4\'',NULL,'VARIOS',NULL,NULL,NULL,NULL,140000,6,'2016-11-06',6,'5','A1'),(130,'INTERRUPTOR SENCILLO','INTERRUPTOR SENCILLO',NULL,'GL-010A',NULL,NULL,NULL,NULL,3200,8,'2016-11-06',8,'1','A1'),(131,'INTERUPTOR CONM SENC','INTERUPTOR CONM SENC',NULL,'GL-020A',NULL,NULL,NULL,NULL,3700,5,'2016-11-06',5,'2','A1'),(132,'INTERUPTOR DOBLE','INTERUPTOR DOBLE',NULL,'GL-101A',NULL,NULL,NULL,NULL,4750,65,'2016-11-06',65,'3','A1'),(133,'INTERUPTOR CONM DOBL','INTERUPTOR CONM DOBL',NULL,'GL-202A',NULL,NULL,NULL,NULL,6000,92,'2016-11-06',92,'4','A1'),(134,'INTERUPTOR TRIPLE','INTERUPTOR TRIPLE',NULL,'GL-111A',NULL,NULL,NULL,NULL,6700,51,'2016-11-06',51,'5','A1'),(135,'INTERUPTOR COM TRIP','INTERUPTOR COM TRIP',NULL,'GL-222A',NULL,NULL,NULL,NULL,1000,4,'2016-11-06',4,'6','A1'),(136,'INTERRU + TOMA C /P','INTERRU + TOMA C /P',NULL,'GL-301AG',NULL,NULL,NULL,NULL,6750,51,'2016-11-06',51,'7','A1'),(137,'TOMA DBLE C/P','TOMA DBLE C/P',NULL,'GL-303AG',NULL,NULL,NULL,NULL,3850,78,'2016-11-06',78,'8','A1'),(138,'TOMA TELF SENCILLA','TOMA TELF SENCILLA',NULL,'GL-06075A',NULL,NULL,NULL,NULL,4100,5,'2016-11-06',5,'9','A1'),(139,'TOMA TELF DOBLE','TOMA TELF DOBLE',NULL,'GL-50A',NULL,NULL,NULL,NULL,6657,6,'2016-11-06',6,'10','A1'),(140,'TACO ENCH 1 X 20 LEGRA','TACO ENCH 1 X 20 LEGRA',NULL,'DSE-1020',NULL,NULL,NULL,NULL,6900,8,'2016-11-06',8,'11','A1'),(141,'TACO ENCH  1 X 30 LEGRA','TACO ENCH  1 X 30 LEGRA',NULL,'DSE-1030',NULL,NULL,NULL,NULL,6750,5,'2016-11-06',5,'12','A1'),(142,'TOMA COAXIAL GALICA','TOMA COAXIAL GALICA',NULL,'GL-06075A',NULL,NULL,NULL,NULL,2950,65,'2016-11-06',65,'13','A1'),(143,'CLAVIJA DOMESTICA 15 A','CLAVIJA DOMESTICA 15 A',NULL,'COD03',NULL,NULL,NULL,NULL,1100,92,'2016-11-06',92,'14','A1'),(144,'CLAVIJA INDUSTRIAL 15 A','CLAVIJA INDUSTRIAL 15 A',NULL,'COD04',NULL,NULL,NULL,NULL,1300,51,'2016-11-06',51,'15','A1'),(145,'CLAVIJA TE 15 A','CLAVIJA TE 15 A',NULL,'COD05',NULL,NULL,NULL,NULL,1700,4,'2016-11-06',4,'16','A1'),(146,'CONVERTIDOR POLO ','CONVERTIDOR POLO ',NULL,'COD06',NULL,NULL,NULL,NULL,1650,51,'2016-11-06',51,'17','A1'),(147,'CLAVIJA C / POLO','CLAVIJA C / POLO',NULL,'COD08',NULL,NULL,NULL,NULL,2300,78,'2016-11-06',78,'18','A1'),(148,'CLAVIJA PATA TRAB 20 A','CLAVIJA PATA TRAB 20 A',NULL,'COD09',NULL,NULL,NULL,NULL,2000,5,'2016-11-06',5,'19','A1'),(149,'CLAVIJA TRIF 20 A','CLAVIJA TRIF 20 A',NULL,'COD10',NULL,NULL,NULL,NULL,2500,6,'2016-11-06',6,'20','A1'),(150,'CLAVIJA TRI 50 A ','CLAVIJA TRI 50 A ',NULL,'COD12',NULL,NULL,NULL,NULL,7500,8,'2016-11-06',8,'21','A1'),(151,'CLAVIJA SEG C/PO 20 A','CLAVIJA SEG C/PO 20 A',NULL,'COD13',NULL,NULL,NULL,NULL,5650,5,'2016-11-06',5,'22','A1'),(152,'TOMA AEREA DOMES 15 A','TOMA AEREA DOMES 15 A',NULL,'COD17',NULL,NULL,NULL,NULL,1600,65,'2016-11-06',65,'23','A1'),(153,'TOMA AEREA IND 15 A','TOMA AEREA IND 15 A',NULL,'COD18',NULL,NULL,NULL,NULL,1950,92,'2016-11-06',92,'24','A1'),(154,'TOMA AEREA C /POL 15 A','TOMA AEREA C /POL 15 A',NULL,'COD19',NULL,NULL,NULL,NULL,2900,51,'2016-11-06',51,'25','A1'),(155,'TOMA AEREA PATA TRA 20 ','TOMA AEREA PATA TRA 20 ',NULL,'COD20',NULL,NULL,NULL,NULL,3000,4,'2016-11-06',4,'1','A1'),(156,'TOMA INCRUS PATA TR 20','TOMA INCRUS PATA TR 20',NULL,'COD22',NULL,NULL,NULL,NULL,4550,51,'2016-11-06',51,'2','A1'),(157,'TOMA INCRUS TRIF20A','TOMA INCRUS TRIF20A',NULL,'COD24 ',NULL,NULL,NULL,NULL,4800,78,'2016-11-06',78,'3','A1'),(158,'TOMA TRIF INCRU 50 A','TOMA TRIF INCRU 50 A',NULL,'COD25 ',NULL,NULL,NULL,NULL,9800,5,'2016-11-06',5,'4','A1'),(159,'TOMA SEG C /POL ','TOMA SEG C /POL ',NULL,'COD26',NULL,NULL,NULL,NULL,5850,6,'2016-11-06',6,'5','A1'),(160,'PORTALAMPARA INTERP','PORTALAMPARA INTERP',NULL,'COD27',NULL,NULL,NULL,NULL,950,8,'2016-11-06',8,'6','A1'),(161,'PORTAL INTERP EXPORTA','PORTAL INTERP EXPORTA',NULL,'COD28 ',NULL,NULL,NULL,NULL,1700,5,'2016-11-06',5,'7','A1'),(162,'ROSETA PLASTI CODEL','ROSETA PLASTI CODEL',NULL,'COD29',NULL,NULL,NULL,NULL,1650,65,'2016-11-06',65,'8','A1'),(163,'CAJA PLAS 5800','CAJA PLAS 5800',NULL,'COD30',NULL,NULL,NULL,NULL,525,92,'2016-11-06',92,'9','A1'),(164,'CAJA PLAS OCT','CAJA PLAS OCT',NULL,'COD31',NULL,NULL,NULL,NULL,650,51,'2016-11-06',51,'10','A1'),(165,'CAJA PLAST 2400 ','CAJA PLAST 2400 ',NULL,'COD32',NULL,NULL,NULL,NULL,850,4,'2016-11-06',4,'11','A1'),(166,'SUPLEMENTO PLAST','SUPLEMENTO PLAST',NULL,'COD33',NULL,NULL,NULL,NULL,350,51,'2016-11-06',51,'12','A1'),(167,'CAJA 5800 GALV IND','CAJA 5800 GALV IND',NULL,'C520I',NULL,NULL,NULL,NULL,1000,78,'2016-11-06',78,'13','A1'),(168,'CAJA 2400 GALV IND','CAJA 2400 GALV IND',NULL,'CO20I',NULL,NULL,NULL,NULL,1300,5,'2016-11-06',5,'14','A1'),(169,'CAJA OCTAGO.GALV IND','CAJA OCTAGO.GALV IND',NULL,'C220I',NULL,NULL,NULL,NULL,1000,6,'2016-11-06',6,'15','A1'),(170,'SUPLEMENTO GALVA INDU','SUPLEMENTO GALVA INDU',NULL,'SUG',NULL,NULL,NULL,NULL,460,8,'2016-11-06',8,'16','A1'),(171,'CAJA PARA CANALETA DEXON ','CAJA PARA CANALETA DEXON ',NULL,'DXN5011S',NULL,NULL,NULL,NULL,3000,5,'2016-11-06',5,'17','A1'),(172,'TOMA DOBLE LEVINTON','TOMA DOBLE LEVINTON',NULL,'LEV',NULL,NULL,NULL,NULL,1750,65,'2016-11-06',65,'18','A1'),(173,'TOMA DOBLE DE S/PONER','TOMA DOBLE DE S/PONER',NULL,'LE09',NULL,NULL,NULL,NULL,1200,92,'2016-11-06',92,'19','A1'),(174,'SENSOR DE MOVIMIENTO 360','SENSOR DE MOVIMIENTO 360',NULL,'SEN-001',NULL,NULL,NULL,NULL,13750,51,'2016-11-06',51,'20','A1'),(175,'SENSOR CON SOPORTE ','SENSOR CON SOPORTE ',NULL,'SEN-002',NULL,NULL,NULL,NULL,13750,4,'2016-11-06',4,'21','A1'),(176,'JACK RJ45','JACK RJ45',NULL,'JACK-025',NULL,NULL,NULL,NULL,3450,51,'2016-11-06',51,'22','A1'),(177,'FACE PLATE DOBLE ','FACE PLATE DOBLE ',NULL,'FP-001',NULL,NULL,NULL,NULL,3000,78,'2016-11-06',78,'23','A1'),(178,'AMARRES DE 10 CM ','AMARRES DE 10 CM ',NULL,'AMA-001',NULL,NULL,NULL,NULL,950,5,'2016-11-06',5,'24','A1'),(179,'AMARRES DE 15 CM ','AMARRES DE 15 CM ',NULL,'AMA-002',NULL,NULL,NULL,NULL,2350,6,'2016-11-06',6,'25','A1'),(180,'AMARRES DE 20 CM ','AMARRES DE 20 CM ',NULL,'AMA-003',NULL,NULL,NULL,NULL,3550,8,'2016-11-06',8,'1','A1'),(181,'AMARRES DE 30 CM ','AMARRES DE 30 CM ',NULL,'AMA-004',NULL,NULL,NULL,NULL,6800,5,'2016-11-06',5,'2','A1'),(182,'TUBO PVC 1/2PULG','TUBO PVC 1/2PULG',NULL,'TUBO 1',NULL,NULL,NULL,NULL,1897,65,'2016-11-06',65,'3','A1'),(183,'PULGTUBO PVC 3/4','PULGTUBO PVC 3/4',NULL,'TUBO 2',NULL,NULL,NULL,NULL,2650,92,'2016-11-06',92,'4','A1'),(184,'TUBO PVC 1 PULG','TUBO PVC 1 PULG',NULL,'TUBO 3',NULL,NULL,NULL,NULL,3900,51,'2016-11-06',51,'5','A1'),(185,'TUBO PVC 11/4PULG','TUBO PVC 11/4PULG',NULL,'TUBO 4',NULL,NULL,NULL,NULL,6050,4,'2016-11-06',4,'6','A1'),(186,'TUBO PVC 11/2','TUBO PVC 11/2',NULL,'TUBO 5',NULL,NULL,NULL,NULL,7700,51,'2016-11-06',51,'7','A1'),(187,'TUBO PVC 2 PULG','TUBO PVC 2 PULG',NULL,'TUBO 6',NULL,NULL,NULL,NULL,9850,78,'2016-11-06',78,'8','A1'),(188,'TUBO EMT 1/2 TUBOMAC','TUBO EMT 1/2 TUBOMAC',NULL,'P050E',NULL,NULL,NULL,NULL,4350,5,'2016-11-06',5,'9','A1'),(189,'TUBO EMT 3/4 TUBOMAC','TUBO EMT 3/4 TUBOMAC',NULL,'P075E',NULL,NULL,NULL,NULL,6350,6,'2016-11-06',6,'10','A1'),(190,'TUBO EMT 1PULGTUBOMAC','TUBO EMT 1PULGTUBOMAC',NULL,'P100E',NULL,NULL,NULL,NULL,9900,8,'2016-11-06',8,'11','A1'),(191,'TUBO EMT 11/4 TUBOMAC','TUBO EMT 11/4 TUBOMAC',NULL,'P125E',NULL,NULL,NULL,NULL,14375,5,'2016-11-06',5,'12','A1'),(192,'TUBO EMT 11/2 TUBOMAC','TUBO EMT 11/2 TUBOMAC',NULL,'P150E',NULL,NULL,NULL,NULL,16850,65,'2016-11-06',65,'13','A1'),(193,'TUBO EMT 2 PULG TUBOMAC','TUBO EMT 2 PULG TUBOMAC',NULL,'P175E',NULL,NULL,NULL,NULL,25100,92,'2016-11-06',92,'14','A1'),(194,'TUBO EMT 3 PULG TUBOMAC ','TUBO EMT 3 PULG TUBOMAC ',NULL,'P225E',NULL,NULL,NULL,NULL,51750,51,'2016-11-06',51,'15','A1'),(195,'TUBO EMT 4 PULG TUBOMAC','TUBO EMT 4 PULG TUBOMAC',NULL,'P250E',NULL,NULL,NULL,NULL,78700,4,'2016-11-06',4,'16','A1'),(196,'TUBO EMT 1/2 FIJI','TUBO EMT 1/2 FIJI',NULL,'P050F',NULL,NULL,NULL,NULL,5800,51,'2016-11-06',51,'17','A1'),(197,'TUBO EMT 3/4 FUJI','TUBO EMT 3/4 FUJI',NULL,'P075F',NULL,NULL,NULL,NULL,8800,78,'2016-11-06',78,'18','A1'),(198,'TUBO EMT 1 PULG FUJI','TUBO EMT 1 PULG FUJI',NULL,'P100F',NULL,NULL,NULL,NULL,13200,5,'2016-11-06',5,'19','A1'),(199,'TUBO EMT 11/4 FUJI','TUBO EMT 11/4 FUJI',NULL,'P125F',NULL,NULL,NULL,NULL,20500,6,'2016-11-06',6,'20','A1'),(200,'TUBO EMT 11/2 FUJI','TUBO EMT 11/2 FUJI',NULL,'P150F',NULL,NULL,NULL,NULL,24700,8,'2016-11-06',8,'21','A1'),(201,'TUBO EMT 2PULGFUJI','TUBO EMT 2PULGFUJI',NULL,'P175F',NULL,NULL,NULL,NULL,29700,5,'2016-11-06',5,'22','A1'),(202,'tTUBO GALVANIZADO 1/2','tTUBO GALVANIZADO 1/2',NULL,'P050G',NULL,NULL,NULL,NULL,8200,65,'2016-11-06',65,'23','A1'),(203,'TUBO GALVANIZADO 3/4','TUBO GALVANIZADO 3/4',NULL,'9075G',NULL,NULL,NULL,NULL,13000,92,'2016-11-06',92,'24','A1'),(204,'TUBO GALVANIZADO 1PULG','TUBO GALVANIZADO 1PULG',NULL,'P100G',NULL,NULL,NULL,NULL,18000,51,'2016-11-06',51,'25','A1'),(205,'TUBO GALVANIZADO 11/4','TUBO GALVANIZADO 11/4',NULL,'P125G',NULL,NULL,NULL,NULL,27900,4,'2016-11-06',4,'1','A1'),(206,'TUBO GALVANIZADO 11/2','TUBO GALVANIZADO 11/2',NULL,'P150G',NULL,NULL,NULL,NULL,32700,51,'2016-11-06',51,'2','A1'),(207,'TUBO GALVANIZADO 2PULG','TUBO GALVANIZADO 2PULG',NULL,'P175G',NULL,NULL,NULL,NULL,47800,78,'2016-11-06',78,'3','A1'),(208,'TUBO GALVANIZADO 3 PULG','TUBO GALVANIZADO 3 PULG',NULL,'VARIOS',NULL,NULL,NULL,NULL,81600,5,'2016-11-06',5,'4','A1'),(209,'TUBO GALVANIZADO 4 PULG','TUBO GALVANIZADO 4 PULG',NULL,'VARIOS',NULL,NULL,NULL,NULL,140000,6,'2016-11-06',6,'5','A1'),(210,'TUBO GALVAN 1/2 F','TUBO GALVAN 1/2 F',NULL,'P050GF',NULL,NULL,NULL,NULL,11800,8,'2016-11-06',8,'6','A1'),(211,'TUBO GALVAN 3 /4 F','TUBO GALVAN 3 /4 F',NULL,'P075GF',NULL,NULL,NULL,NULL,18200,8,'2016-11-06',8,'7','A1'),(212,'TUBO GALVAN 1PULG F','TUBO GALVAN 1PULG F',NULL,'P100GF',NULL,NULL,NULL,NULL,25600,5,'2016-11-06',5,'8','A1'),(213,'TUBO GALVAN 11/4 F','TUBO GALVAN 11/4 F',NULL,'P125GF',NULL,NULL,NULL,NULL,33700,65,'2016-11-06',65,'9','A1'),(214,'TUBO GALVAN 11/2 F','TUBO GALVAN 11/2 F',NULL,'P150GF',NULL,NULL,NULL,NULL,41400,92,'2016-11-06',92,'10','A1'),(215,'TUBO GALVAN 2PULG F','TUBO GALVAN 2PULG F',NULL,'P175F',NULL,NULL,NULL,NULL,55300,51,'2016-11-06',51,'11','A1'),(216,'TERMINAL EMT 1/2','TERMINAL EMT 1/2',NULL,'TE050',NULL,NULL,NULL,NULL,450,4,'2016-11-06',4,'12','A1'),(217,'TERMINAL EMT DE 3/4','TERMINAL EMT DE 3/4',NULL,'TE075',NULL,NULL,NULL,NULL,650,51,'2016-11-06',51,'13','A1'),(218,'TERMINAL EMT 1PULG','TERMINAL EMT 1PULG',NULL,'TE100',NULL,NULL,NULL,NULL,1100,78,'2016-11-06',78,'14','A1'),(219,'TERMINAL EMT 11/4','TERMINAL EMT 11/4',NULL,'TE125',NULL,NULL,NULL,NULL,1600,5,'2016-11-06',5,'15','A1'),(220,'TERMINAL EMT 11/2','TERMINAL EMT 11/2',NULL,'TE150',NULL,NULL,NULL,NULL,2400,6,'2016-11-06',6,'16','A1'),(221,'TERMINAL EMT 2PULG','TERMINAL EMT 2PULG',NULL,'TE175',NULL,NULL,NULL,NULL,2650,8,'2016-11-06',8,'17','A2'),(222,'TERMINAL EMT 3PULG','TERMINAL EMT 3PULG',NULL,'TE225',NULL,NULL,NULL,NULL,6100,8,'2016-11-06',8,'18','A2'),(223,'CURVA EMT 1/2','CURVA EMT 1/2',NULL,'CU050E',NULL,NULL,NULL,NULL,700,5,'2016-11-06',5,'19','A2'),(224,'CURVA EMT 3/4','CURVA EMT 3/4',NULL,'CU075E',NULL,NULL,NULL,NULL,1272,65,'2016-11-06',65,'20','A2'),(225,'CURVA EMT 1PULG','CURVA EMT 1PULG',NULL,'CU100E',NULL,NULL,NULL,NULL,1380,92,'2016-11-06',92,'21','A2'),(226,'CURVA EMT 11/4','CURVA EMT 11/4',NULL,'CU125E',NULL,NULL,NULL,NULL,3450,51,'2016-11-06',51,'22','A2'),(227,'CURVA EMT 11/2','CURVA EMT 11/2',NULL,'CU150E',NULL,NULL,NULL,NULL,4400,4,'2016-11-06',4,'23','A2'),(228,'CURVA EMT 2PULG','CURVA EMT 2PULG',NULL,'CU175E',NULL,NULL,NULL,NULL,8900,51,'2016-11-06',51,'24','A2'),(229,'CURVA EMT 3 PULG','CURVA EMT 3 PULG',NULL,'CU255E',NULL,NULL,NULL,NULL,28500,78,'2016-11-06',78,'25','A2'),(230,'CURVA EMT 4PULG','CURVA EMT 4PULG',NULL,'CU250E',NULL,NULL,NULL,NULL,50500,5,'2016-11-06',5,'1','A2'),(231,'CURVA GALVA 1/2','CURVA GALVA 1/2',NULL,'CU050G',NULL,NULL,NULL,NULL,1800,6,'2016-11-06',6,'2','A2'),(232,'CURVA GALVA 3/4','CURVA GALVA 3/4',NULL,'CU075G',NULL,NULL,NULL,NULL,2400,8,'2016-11-06',8,'3','A2'),(233,'CURVA GALVA 1PULG','CURVA GALVA 1PULG',NULL,'CU100G',NULL,NULL,NULL,NULL,3400,5,'2016-11-06',5,'4','A2'),(234,'CURVA GALVA 11/4','CURVA GALVA 11/4',NULL,'CU125G',NULL,NULL,NULL,NULL,5500,65,'2016-11-06',65,'5','A2'),(235,'CURVA GALNA 11/2','CURVA GALNA 11/2',NULL,'CU150G',NULL,NULL,NULL,NULL,7200,92,'2016-11-06',92,'6','A2'),(236,'CURVA GALVAN 2PULG','CURVA GALVAN 2PULG',NULL,'CU175G',NULL,NULL,NULL,NULL,11000,51,'2016-11-06',51,'7','A2'),(237,'CURVA GALVANIZADA 3 PULG','CURVA GALVANIZADA 3 PULG',NULL,'CU225G',NULL,NULL,NULL,NULL,43800,4,'2016-11-06',4,'8','A2'),(238,'UNION GALVANIZADA 1/2','UNION GALVANIZADA 1/2',NULL,'U050G',NULL,NULL,NULL,NULL,630,51,'2016-11-06',51,'9','A2'),(239,'UNION GALVANIZADA 3/4','UNION GALVANIZADA 3/4',NULL,'U075G',NULL,NULL,NULL,NULL,750,78,'2016-11-06',78,'10','A2'),(240,'UNION GALVANIZADA 1 PULG','UNION GALVANIZADA 1 PULG',NULL,'U100G',NULL,NULL,NULL,NULL,1200,5,'2016-11-06',5,'11','A2'),(241,'UNION GALVANIZADA 11/2','UNION GALVANIZADA 11/2',NULL,'U150G',NULL,NULL,NULL,NULL,2400,6,'2016-11-06',6,'12','A2'),(242,'UNION GALVANIZADA 2 PULG','UNION GALVANIZADA 2 PULG',NULL,'U225G',NULL,NULL,NULL,NULL,4000,8,'2016-11-06',8,'13','A2'),(243,'UNION GALVANIZADA 3 PULG','UNION GALVANIZADA 3 PULG',NULL,'U250G',NULL,NULL,NULL,NULL,11150,5,'2016-11-06',5,'14','A2'),(244,'CABLE DUPLEX 2X22 CENTEL','CABLE DUPLEX 2X22 CENTEL',NULL,'CD2X22C',NULL,NULL,NULL,NULL,330,65,'2016-11-06',65,'15','A2'),(245,'CABLE DUPLEX 2X20 CENTEL','CABLE DUPLEX 2X20 CENTEL',NULL,'CD2X20C',NULL,NULL,NULL,NULL,384,92,'2016-11-06',92,'16','A2'),(246,'CABLE DUPLEX 2X18 CENTEL','CABLE DUPLEX 2X18 CENTEL',NULL,'CD2X18C',NULL,NULL,NULL,NULL,487,51,'2016-11-06',51,'17','A2'),(247,'CABLE DUPLEX 2X16 CENTEL','CABLE DUPLEX 2X16 CENTEL',NULL,'CD2X16C',NULL,NULL,NULL,NULL,730,4,'2016-11-06',4,'18','A2'),(248,'CABLE DUPLEX 2X14 CENTEL','CABLE DUPLEX 2X14 CENTEL',NULL,'CD2X14C',NULL,NULL,NULL,NULL,1050,51,'2016-11-06',51,'19','A2'),(249,'CABLE DUPLEX 2X12 CENTEL','CABLE DUPLEX 2X12 CENTEL',NULL,'CD2X12C',NULL,NULL,NULL,NULL,1703,78,'2016-11-06',78,'20','A2'),(250,'CABLE DUPLEX 2X10 CENTEL','CABLE DUPLEX 2X10 CENTEL',NULL,'CD2X10C',NULL,NULL,NULL,NULL,2778,5,'2016-11-06',5,'21','A2'),(251,'CABLE SOLDADOR 4/0 ','CABLE SOLDADOR 4/0 ',NULL,'VARIOS',NULL,NULL,NULL,NULL,26000,6,'2016-11-06',6,'22','A2'),(252,'UNION EMT DE 1/2','UNION EMT DE 1/2',NULL,'U050E',NULL,NULL,NULL,NULL,468,8,'2016-11-06',8,'23','A2'),(253,'UNION EMT 3/4','UNION EMT 3/4',NULL,'U075E',NULL,NULL,NULL,NULL,685,5,'2016-11-06',5,'24','A2'),(254,'UNION EMT 1PULG','UNION EMT 1PULG',NULL,'U100E',NULL,NULL,NULL,NULL,1100,65,'2016-11-06',65,'25','A2'),(255,'UNION EMT 114','UNION EMT 114',NULL,'U125E',NULL,NULL,NULL,NULL,1800,92,'2016-11-06',92,'1','A2'),(256,'UNION EMT 11/2','UNION EMT 11/2',NULL,'U150E',NULL,NULL,NULL,NULL,2300,51,'2016-11-06',51,'2','A2'),(257,'UNION EMT 2','UNION EMT 2',NULL,'U175E',NULL,NULL,NULL,NULL,3564,4,'2016-11-06',4,'3','A2'),(258,'UNION EMT 3 PULG','UNION EMT 3 PULG',NULL,'U225E',NULL,NULL,NULL,NULL,6400,51,'2016-11-06',51,'4','A2'),(259,'TERMINAL EMT 1/2','TERMINAL EMT 1/2',NULL,'TE050',NULL,NULL,NULL,NULL,450,78,'2016-11-06',78,'5','A2'),(260,'TERMINAL EMT DE 3/4','TERMINAL EMT DE 3/4',NULL,'TE075',NULL,NULL,NULL,NULL,650,5,'2016-11-06',5,'6','A2'),(261,'TERMINAL EMT 1PULG','TERMINAL EMT 1PULG',NULL,'TE100',NULL,NULL,NULL,NULL,1100,6,'2016-11-06',6,'7','A2'),(262,'TERMINAL EMT 11/4','TERMINAL EMT 11/4',NULL,'TE125',NULL,NULL,NULL,NULL,1600,8,'2016-11-06',8,'8','A2'),(263,'TERMINAL EMT 11/2','TERMINAL EMT 11/2',NULL,'TE150',NULL,NULL,NULL,NULL,2400,5,'2016-11-06',5,'9','A2'),(264,'TERMINAL EMT 2PULG','TERMINAL EMT 2PULG',NULL,'TE175',NULL,NULL,NULL,NULL,2650,65,'2016-11-06',65,'10','A2'),(265,'TERMINAL EMT 3PULG','TERMINAL EMT 3PULG',NULL,'TE225',NULL,NULL,NULL,NULL,6100,92,'2016-11-06',92,'11','A2'),(266,'CABLE CONCEN MON 8+8 PR','CABLE CONCEN MON 8+8 PR',NULL,'CAB-001',NULL,NULL,NULL,NULL,6700,51,'2016-11-06',51,'12','A2'),(267,'CABLE CONCEN BIFAS 2X8+8','CABLE CONCEN BIFAS 2X8+8',NULL,'CAB-002',NULL,NULL,NULL,NULL,6350,4,'2016-11-06',4,'13','A2'),(268,'CABLE CONCEN TRIF 3X8+10','CABLE CONCEN TRIF 3X8+10',NULL,'ACT Nov 12 2015',NULL,NULL,NULL,NULL,7980,51,'2016-11-06',51,'14','A2'),(269,'CABLE CONCEN 3X6+8','CABLE CONCEN 3X6+8',NULL,'CABLE',NULL,NULL,NULL,NULL,11700,78,'2016-11-06',78,'15','A2'),(270,'CABLE CONCEN 3X4+6','CABLE CONCEN 3X4+6',NULL,'CABLE',NULL,NULL,NULL,NULL,20500,5,'2016-11-06',5,'16','A2'),(271,'CABLE CONCEN 3X2+4','CABLE CONCEN 3X2+4',NULL,'CABLE',NULL,NULL,NULL,NULL,33200,6,'2016-11-06',6,'17','A2'),(272,'ENCAUC 2X18 CONALCAB','ENCAUC 2X18 CONALCAB',NULL,'ENCAUC',NULL,NULL,NULL,NULL,820,8,'2016-11-06',8,'18','A2'),(273,'ENCAUC 2X16 CONALCAB','ENCAUC 2X16 CONALCAB',NULL,'ENCAUC',NULL,NULL,NULL,NULL,1100,5,'2016-11-06',5,'19','A2'),(274,'ENCAUC 2X14 CONALCAB','ENCAUC 2X14 CONALCAB',NULL,'ENCAUC',NULL,NULL,NULL,NULL,1750,65,'2016-11-06',65,'20','A2'),(275,'ENCAUC 2X12 CONALCAB','ENCAUC 2X12 CONALCAB',NULL,'ENCAUC',NULL,NULL,NULL,NULL,2300,92,'2016-11-06',92,'21','A2'),(276,'ENCAUC 2X10 CONALCAB','ENCAUC 2X10 CONALCAB',NULL,'ENCAUC',NULL,NULL,NULL,NULL,3500,51,'2016-11-06',51,'22','A2'),(277,'ENCAUC 2X8 CONALCAB','ENCAUC 2X8 CONALCAB',NULL,'ENCAUC',NULL,NULL,NULL,NULL,5500,4,'2016-11-06',4,'23','A2'),(278,'ENCAUC 3X18 CONALCAB','ENCAUC 3X18 CONALCAB',NULL,'ENCAUC',NULL,NULL,NULL,NULL,1100,51,'2016-11-06',51,'24','A2'),(279,'ENCAUC 3X16 CONALCAB','ENCAUC 3X16 CONALCAB',NULL,'ENCAUC',NULL,NULL,NULL,NULL,1500,78,'2016-11-06',78,'25','A2'),(280,'ENCAUC 3X14 CONALCAB','ENCAUC 3X14 CONALCAB',NULL,'ENCAUC',NULL,NULL,NULL,NULL,2200,5,'2016-11-06',5,'1','A2'),(281,'ENCAUC 3X12 CONALCAB','ENCAUC 3X12 CONALCAB',NULL,'ENCAUC',NULL,NULL,NULL,NULL,3190,6,'2016-11-06',6,'2','A2'),(282,'ENCAUC 3X10 CONALCAB','ENCAUC 3X10 CONALCAB',NULL,'ENCAUC',NULL,NULL,NULL,NULL,4600,8,'2016-11-06',8,'3','A2'),(283,'CABLE ACSR No 2 ','CABLE ACSR No 2 ',NULL,'ENCAUC',NULL,NULL,NULL,NULL,980,65,'2016-11-06',65,'5','A2'),(284,'CABLE RETENIDA 1/4','CABLE RETENIDA 1/4',NULL,'ENCAUC',NULL,NULL,NULL,NULL,1080,92,'2016-11-06',92,'6','A2'),(285,'No 8 ESTANADA','No 8 ESTANADA',NULL,'ENCAUC',NULL,NULL,NULL,NULL,600,51,'2016-11-06',51,'7','A2'),(286,'No 6 ESTANADA','No 6 ESTANADA',NULL,'ENCAUC',NULL,NULL,NULL,NULL,720,4,'2016-11-06',4,'8','A2'),(287,'No 4 ESTAÑADA','No 4 ESTAÑADA',NULL,'ENCAUC',NULL,NULL,NULL,NULL,850,51,'2016-11-06',51,'9','A2'),(288,'No 2 ESTAÑADA','No 2 ESTAÑADA',NULL,'VARIOS',NULL,NULL,NULL,NULL,1800,78,'2016-11-06',78,'10','A2'),(289,'No 1/0 ESTAÑADA','No 1/0 ESTAÑADA',NULL,'VARIOS',NULL,NULL,NULL,NULL,2400,5,'2016-11-06',5,'11','A2'),(290,'No 2/0 ESTAÑADA','No 2/0 ESTAÑADA',NULL,'VARIOS',NULL,NULL,NULL,NULL,3000,6,'2016-11-06',6,'12','A2'),(291,'No 4/0 ESTAÑADA','No 4/0 ESTAÑADA',NULL,'VARIOS',NULL,NULL,NULL,NULL,5800,8,'2016-11-06',8,'13','A2'),(292,'CURVA PVC 1/2 TUBOSA','CURVA PVC 1/2 TUBOSA',NULL,'VARIOS',NULL,NULL,NULL,NULL,180,5,'2016-11-06',5,'14','A2'),(293,'CURVA PVC 3/4 TUBOSA','CURVA PVC 3/4 TUBOSA',NULL,'VARIOS',NULL,NULL,NULL,NULL,260,65,'2016-11-06',65,'15','A2'),(294,'CURVA PVC 1 PULG TUBOSA','CURVA PVC 1 PULG TUBOSA',NULL,'VARIOS',NULL,NULL,NULL,NULL,550,92,'2016-11-06',92,'16','A2'),(295,'CURVA PVC 1 1/4 TUBOSA','CURVA PVC 1 1/4 TUBOSA',NULL,'VARIOS',NULL,NULL,NULL,NULL,950,51,'2016-11-06',51,'17','A2'),(296,'CURVA PVC 11/2 TUBOSA','CURVA PVC 11/2 TUBOSA',NULL,'VARIOS',NULL,NULL,NULL,NULL,1200,4,'2016-11-06',4,'18','A2'),(297,'CURVA PVC 2PULG TUBOSA','CURVA PVC 2PULG TUBOSA',NULL,'VARIOS',NULL,NULL,NULL,NULL,2550,51,'2016-11-06',51,'19','A2'),(298,'CURVA PVC 3PULG TUBOSA','CURVA PVC 3PULG TUBOSA',NULL,'VARIOS',NULL,NULL,NULL,NULL,6900,78,'2016-11-06',78,'20','A2'),(299,'TERMINAL PVC 1/2 TUBOSA','TERMINAL PVC 1/2 TUBOSA',NULL,'VARIOS',NULL,NULL,NULL,NULL,130,5,'2016-11-06',5,'21','A2'),(300,'TERMINAL PVC 3/4 TUBOSA','TERMINAL PVC 3/4 TUBOSA',NULL,'VARIOS',NULL,NULL,NULL,NULL,180,6,'2016-11-06',6,'22','A2'),(301,'TERMINAL PVC 1 PULG TUBOSA','TERMINAL PVC 1 PULG TUBOSA',NULL,'VARIOS',NULL,NULL,NULL,NULL,320,8,'2016-11-06',8,'23','A2'),(302,'TERMINAL PVC 11/4 TUBOSA','TERMINAL PVC 11/4 TUBOSA',NULL,'VARIOS',NULL,NULL,NULL,NULL,925,5,'2016-11-06',5,'24','A2'),(303,'TERMINAL PVC 11/2 TUBOSA','TERMINAL PVC 11/2 TUBOSA',NULL,'VARIOS',NULL,NULL,NULL,NULL,1040,65,'2016-11-06',65,'25','A2'),(304,'TERMINAL PVC  2PULG TUBOSA','TERMINAL PVC  2PULG TUBOSA',NULL,'VARIOS',NULL,NULL,NULL,NULL,1300,92,'2016-11-06',92,'1','A2'),(305,'TERMINAL PVC 3PULG TUBOSA ','TERMINAL PVC 3PULG TUBOSA ',NULL,'VARIOS',NULL,NULL,NULL,NULL,925,51,'2016-11-06',51,'2','A2'),(306,'TERMINAL CAMPANA 2PULG','TERMINAL CAMPANA 2PULG',NULL,'VARIOS',NULL,NULL,NULL,NULL,925,4,'2016-11-06',4,'3','A2'),(307,'TERMINAL CAMPANA 3PULG ','TERMINAL CAMPANA 3PULG ',NULL,'VARIOS',NULL,NULL,NULL,NULL,2600,51,'2016-11-06',51,'4','A2'),(308,'TERMINAL CAMPANA 4PULG','TERMINAL CAMPANA 4PULG',NULL,'VARIOS',NULL,NULL,NULL,NULL,5600,78,'2016-11-06',78,'5','A2'),(309,'CABLE  No 14 PROCABLES','CABLE  No 14 PROCABLES',NULL,'VARIOS',NULL,NULL,NULL,NULL,620,5,'2016-11-06',5,'6','A2'),(310,'CABLE No 12 PROCABLES','CABLE No 12 PROCABLES',NULL,'VARIOS',NULL,NULL,NULL,NULL,885,6,'2016-11-06',6,'7','A2'),(311,'CABLE No 10 PROCABLES','CABLE No 10 PROCABLES',NULL,'VARIOS',NULL,NULL,NULL,NULL,1270,8,'2016-11-06',8,'8','A2'),(312,'CABLE No 8 NORMA','CABLE No 8 NORMA',NULL,'VARIOS',NULL,NULL,NULL,NULL,1890,8,'2016-11-06',8,'9','A2'),(313,'CABLE DE COBRE No 6','CABLE DE COBRE No 6',NULL,'VARIOS',NULL,NULL,NULL,NULL,2900,5,'2016-11-06',5,'10','A2'),(314,'CABLE No 4 NORMA','CABLE No 4 NORMA',NULL,'VARIOS',NULL,NULL,NULL,NULL,4500,65,'2016-11-06',65,'11','A2'),(315,'CABLE No 2 NORMA','CABLE No 2 NORMA',NULL,'VARIOS',NULL,NULL,NULL,NULL,7350,92,'2016-11-06',92,'12','A2'),(316,'CABLE No 1/0 NORMA','CABLE No 1/0 NORMA',NULL,'VARIOS',NULL,NULL,NULL,NULL,11400,51,'2016-11-06',51,'13','A2'),(317,'CABLE 2/0 NORMA','CABLE 2/0 NORMA',NULL,'VARIOS',NULL,NULL,NULL,NULL,14500,4,'2016-11-06',4,'14','A3'),(318,'CABLE 3/0 NORMA','CABLE 3/0 NORMA',NULL,'VARIOS',NULL,NULL,NULL,NULL,18500,51,'2016-11-06',51,'15','A3'),(319,'CABLE 4/0 NORMA','CABLE 4/0 NORMA',NULL,'VARIOS',NULL,NULL,NULL,NULL,19250,78,'2016-11-06',78,'16','A3'),(320,'CABLE 250 MCM NORMA','CABLE 250 MCM NORMA',NULL,'VARIOS',NULL,NULL,NULL,NULL,26950,5,'2016-11-06',5,'17','A3'),(321,'CABLE 300 MCM NORMA','CABLE 300 MCM NORMA',NULL,'VARIOS',NULL,NULL,NULL,NULL,32180,6,'2016-11-06',6,'18','A3'),(322,'CABLE 350 MCM NORMA','CABLE 350 MCM NORMA',NULL,'VARIOS',NULL,NULL,NULL,NULL,36940,8,'2016-11-06',8,'19','A3'),(323,'CABLE 400 MCM NORMA','CABLE 400 MCM NORMA',NULL,'VARIOS',NULL,NULL,NULL,NULL,44800,8,'2016-11-06',8,'20','A3'),(324,'ALAMBRE No 14 DESNUDO','ALAMBRE No 14 DESNUDO',NULL,'VARIOS',NULL,NULL,NULL,NULL,384,5,'2016-11-06',5,'21','A3'),(325,'ALAMB No 12 DES NEXANS','ALAMB No 12 DES NEXANS',NULL,'VARIOS',NULL,NULL,NULL,NULL,634,65,'2016-11-06',65,'22','A3'),(326,'ALAMB No 10 DES NEXANS','ALAMB No 10 DES NEXANS',NULL,'VARIOS',NULL,NULL,NULL,NULL,1060,92,'2016-11-06',92,'23','A3'),(327,'ALAMBRE No 8 DESNUDO','ALAMBRE No 8 DESNUDO',NULL,'VARIOS',NULL,NULL,NULL,NULL,1780,51,'2016-11-06',51,'24','A3'),(328,'CABLE No 6 DESNUDO','CABLE No 6 DESNUDO',NULL,'VARIOS',NULL,NULL,NULL,NULL,2850,4,'2016-11-06',4,'25','A3'),(329,'CABLE No 4  DESNUDO','CABLE No 4  DESNUDO',NULL,'VARIOS',NULL,NULL,NULL,NULL,4250,51,'2016-11-06',51,'1','A3'),(330,'CABLE No 2 DESNUDO','CABLE No 2 DESNUDO',NULL,'VARIOS',NULL,NULL,NULL,NULL,6650,78,'2016-11-06',78,'2','A3'),(331,'CABLE 1/0 DESNUDO','CABLE 1/0 DESNUDO',NULL,'VARIOS',NULL,NULL,NULL,NULL,10500,5,'2016-11-06',5,'3','A3'),(332,'CABLE 2/0 DESNUDO','CABLE 2/0 DESNUDO',NULL,'VARIOS',NULL,NULL,NULL,NULL,13050,6,'2016-11-06',6,'4','A3'),(333,'EXTR SEMI IND 7PULG','EXTR SEMI IND 7PULG',NULL,'VARIOS',NULL,NULL,NULL,NULL,69000,54,'2016-11-06',54,'5','A3'),(334,'EXTR SEMI IND 8 PULG','EXTR SEMI IND 8 PULG',NULL,'VARIOS',NULL,NULL,NULL,NULL,69000,2,'2016-11-06',2,'6','A3'),(335,'EXTR SEMI IND 10 PULG','EXTR SEMI IND 10 PULG',NULL,'VARIOS',NULL,NULL,NULL,NULL,85000,3,'2016-11-06',3,'7','A3'),(336,'EXTR SEMI IND 12 PULG ','EXTR SEMI IND 12 PULG ',NULL,'VARIOS',NULL,NULL,NULL,NULL,115000,1,'2016-11-06',1,'8','A4'),(337,'EXTR IND 10 PULG','EXTR IND 10 PULG',NULL,'VARIOS',NULL,NULL,NULL,NULL,155000,10,'2016-11-06',10,'9','A4'),(338,'EXTR IND 12 PULG','EXTR IND 12 PULG',NULL,'VARIOS',NULL,NULL,NULL,NULL,176000,45,'2016-11-06',45,'10','A4'),(339,'EXTR IND 14 PULG','EXTR IND 14 PULG',NULL,'VARIOS',NULL,NULL,NULL,NULL,186000,6,'2016-11-06',6,'11','A4'),(340,'EXTR IND 16 PULG','EXTR IND 16 PULG',NULL,'VARIOS',NULL,NULL,NULL,NULL,220000,5,'2016-11-06',5,'12','A4'),(341,'EXTRACTORE BAÑO Y OFIC','EXTRACTORE BAÑO Y OFIC',NULL,'VARIOS',NULL,NULL,NULL,NULL,27000,7,'2016-11-06',7,'13','A4'),(342,'EXTRAC FAN 20 ','EXTRAC FAN 20 ',NULL,'VARIOS',NULL,NULL,NULL,NULL,32000,4,'2016-11-06',4,'14','A4'),(343,'TENSOR PEQUEÑO','TENSOR PEQUEÑO',NULL,'VARIOS',NULL,NULL,NULL,NULL,1450,1,'2016-11-06',1,'15','A4'),(344,'TENSOR GRANDE','TENSOR GRANDE',NULL,'VARIOS',NULL,NULL,NULL,NULL,3000,3,'2016-11-06',3,'16','A4'),(345,'CAJA MONOFASICA 1 CON','CAJA MONOFASICA 1 CON',NULL,'VARIOS',NULL,NULL,NULL,NULL,3000,32,'2016-11-06',32,'17','A4'),(346,'CAJA MONOF 2 CONT VER','CAJA MONOF 2 CONT VER',NULL,'VARIOS',NULL,NULL,NULL,NULL,70000,5,'2016-11-06',5,'18','A4'),(347,'CAJA MONOF 2 CONT HOR','CAJA MONOF 2 CONT HOR',NULL,'VARIOS',NULL,NULL,NULL,NULL,70000,4,'2016-11-06',4,'19','A4'),(348,'CAJA 3 CONT MON','CAJA 3 CONT MON',NULL,'VARIOS',NULL,NULL,NULL,NULL,156000,7,'2016-11-06',7,'20','A4'),(349,'CAJA 2 CONTAD TRIF VERT ','CAJA 2 CONTAD TRIF VERT ',NULL,'VARIOS',NULL,NULL,NULL,NULL,181500,6,'2016-11-06',6,'21','A4'),(350,'CAJA 2 CONTAD TRIF HORI','CAJA 2 CONTAD TRIF HORI',NULL,'VARIOS',NULL,NULL,NULL,NULL,3000,9,'2016-11-06',9,'22','A4'),(351,'CAJA 3 CONT TRIF VERT','CAJA 3 CONT TRIF VERT',NULL,'VARIOS',NULL,NULL,NULL,NULL,225000,8,'2016-11-06',8,'23','A4'),(352,'CAJA 4 CONT TRIF VERT','CAJA 4 CONT TRIF VERT',NULL,'VARIOS',NULL,NULL,NULL,NULL,250000,5,'2016-11-06',5,'24','A4'),(353,'CAJA 4 CONT TRIFHORIZ','CAJA 4 CONT TRIFHORIZ',NULL,'VARIOS',NULL,NULL,NULL,NULL,3000,6,'2016-11-06',6,'25','A4'),(354,'TUBO SILVANIA 96PULG','TUBO SILVANIA 96PULG',NULL,'VARIOS',NULL,NULL,NULL,NULL,7150,8,'2016-11-06',8,'1','A4'),(355,'TUBO SILVANIA 48PULG','TUBO SILVANIA 48PULG',NULL,'VARIOS',NULL,NULL,NULL,NULL,4850,8,'2016-11-06',8,'2','A4'),(356,'TUBO SILVANIA T8 32 ','TUBO SILVANIA T8 32 ',NULL,'VARIOS',NULL,NULL,NULL,NULL,2600,5,'2016-11-06',5,'3','A4'),(357,'TUBO GENE /PHILIPS T8 32','TUBO GENE /PHILIPS T8 32',NULL,'VARIOS',NULL,NULL,NULL,NULL,2600,65,'2016-11-06',65,'4','A5'),(358,'CABLE 6 SERIE 8000','CABLE 6 SERIE 8000',NULL,'VARIOS',NULL,NULL,NULL,NULL,995,92,'2016-11-06',92,'5','A5'),(359,'CABLE 4 SERIE 8000','CABLE 4 SERIE 8000',NULL,'VARIOS',NULL,NULL,NULL,NULL,1347,51,'2016-11-06',51,'6','A5'),(360,'CABLE 2 SERIE 8000','CABLE 2 SERIE 8000',NULL,'VARIOS',NULL,NULL,NULL,NULL,1908,4,'2016-11-06',4,'7','A5'),(361,'CABLE 1/0 SERIE 8000','CABLE 1/0 SERIE 8000',NULL,'VARIOS',NULL,NULL,NULL,NULL,2950,51,'2016-11-06',51,'8','A5'),(362,'CABLE 2/0 SERIE 8000','CABLE 2/0 SERIE 8000',NULL,'VARIOS',NULL,NULL,NULL,NULL,3600,78,'2016-11-06',78,'9','A5'),(363,'CABLE 4/0 SERIE 8000','CABLE 4/0 SERIE 8000',NULL,'VARIOS',NULL,NULL,NULL,NULL,5263,5,'2016-11-06',5,'10','A5'),(364,'CABLE  250 SERIE 8000','CABLE  250 SERIE 8000',NULL,'VARIOS',NULL,NULL,NULL,NULL,6100,6,'2016-11-06',6,'11','A5'),(365,'CABLE 300 SERIE 8000','CABLE 300 SERIE 8000',NULL,'VARIOS',NULL,NULL,NULL,NULL,7650,8,'2016-11-06',8,'12','A5'),(366,'CABLE 350 SERIE 8000','CABLE 350 SERIE 8000',NULL,'VARIOS',NULL,NULL,NULL,NULL,7350,8,'2016-11-06',8,'13','A5'),(367,'CABLE 500 SERIE 8000','CABLE 500 SERIE 8000',NULL,'VARIOS',NULL,NULL,NULL,NULL,11380,5,'2016-11-06',5,'14','A5'),(368,'TERMINAL PREMOLDEADO','TERMINAL PREMOLDEADO',NULL,'VARIOS',NULL,NULL,NULL,NULL,7650,65,'2016-11-06',65,'15','A5'),(369,'PREMOLD 2 4 INTER JGO X 3','PREMOLD 2 4 INTER JGO X 3',NULL,'VARIOS',NULL,NULL,NULL,NULL,7650,92,'2016-11-06',92,'16','A5'),(370,'No 8 ESTANADA','No 8 ESTANADA',NULL,'VARIOS',NULL,NULL,NULL,NULL,550,51,'2016-11-06',51,'17','A5'),(371,'No 6 ESTANADA','No 6 ESTANADA',NULL,'VARIOS',NULL,NULL,NULL,NULL,650,4,'2016-11-06',4,'18','A5'),(372,'No 4 ESTAÑADA','No 4 ESTAÑADA',NULL,'VARIOS',NULL,NULL,NULL,NULL,700,51,'2016-11-06',51,'19','A5'),(373,'No 2 ESTAÑADA','No 2 ESTAÑADA',NULL,'VARIOS',NULL,NULL,NULL,NULL,1200,78,'2016-11-06',78,'20','A5'),(374,'No 1/0 ESTAÑADA','No 1/0 ESTAÑADA',NULL,'VARIOS',NULL,NULL,NULL,NULL,1550,5,'2016-11-06',5,'21','A5'),(375,'No 2/0 ESTAÑADA','No 2/0 ESTAÑADA',NULL,'VARIOS',NULL,NULL,NULL,NULL,2100,6,'2016-11-06',6,'22','A5'),(376,'No 4/0 ESTAÑADA','No 4/0 ESTAÑADA',NULL,'VARIOS',NULL,NULL,NULL,NULL,3800,54,'2016-11-06',54,'23','A5'),(377,'TERMINAL ESTA 250KCMIL','TERMINAL ESTA 250KCMIL',NULL,'VARIOS',NULL,NULL,NULL,NULL,4500,2,'2016-11-06',2,'24','A5'),(378,'CORAZA AMERICANA  1/2','CORAZA AMERICANA  1/2',NULL,'VARIOS',NULL,NULL,NULL,NULL,2200,3,'2016-11-06',3,'25','A5'),(379,'CORAZA AMERICANA  3/4','CORAZA AMERICANA  3/4',NULL,'VARIOS',NULL,NULL,NULL,NULL,2800,1,'2016-11-06',1,'1','A5'),(380,'CORAZA AMERICANA 1PULG','CORAZA AMERICANA 1PULG',NULL,'VARIOS',NULL,NULL,NULL,NULL,4600,10,'2016-11-06',10,'2','A5'),(381,'CONECTOR RECTO','CONECTOR RECTO',NULL,'VARIOS',NULL,NULL,NULL,NULL,7650,45,'2016-11-06',45,'3','A5'),(382,'CONECTOR RECTO 1/2','CONECTOR RECTO 1/2',NULL,'VARIOS',NULL,NULL,NULL,NULL,1650,6,'2016-11-06',6,'4','A5'),(383,'CONECTROR RECTO 3/4','CONECTROR RECTO 3/4',NULL,'VARIOS',NULL,NULL,NULL,NULL,2000,5,'2016-11-06',5,'5','A5'),(384,'CONECTOR RECTO 1PULG','CONECTOR RECTO 1PULG',NULL,'VARIOS',NULL,NULL,NULL,NULL,3100,7,'2016-11-06',7,'6','A5'),(385,'TUBO CORRUGA DO 6PULG','TUBO CORRUGA DO 6PULG',NULL,'VARIOS',NULL,NULL,NULL,NULL,83300,4,'2016-11-06',4,'7','A5'),(386,'TUBO CORRUGADO 4 PULG DUR','TUBO CORRUGADO 4 PULG DUR',NULL,'VARIOS',NULL,NULL,NULL,NULL,36300,1,'2016-11-06',1,'8','A5'),(387,'TUBO CORRUGADO 3PULG DUR','TUBO CORRUGADO 3PULG DUR',NULL,'VARIOS',NULL,NULL,NULL,NULL,32300,3,'2016-11-06',3,'9','A5'),(388,'TAPA CIEGA 2400 PROELE ','TAPA CIEGA 2400 PROELE ',NULL,'VARIOS',NULL,NULL,NULL,NULL,980,32,'2016-11-06',32,'10','A5'),(389,'TAPA CIEGA 2400 GALVANI','TAPA CIEGA 2400 GALVANI',NULL,'VARIOS',NULL,NULL,NULL,NULL,36300,5,'2016-11-06',5,'11','A5'),(390,'TAPA CIEGA 5800 PROELE','TAPA CIEGA 5800 PROELE',NULL,'VARIOS',NULL,NULL,NULL,NULL,36300,4,'2016-11-06',4,'12','A5'),(391,'TAPA CIEGA 5800 GALVAN','TAPA CIEGA 5800 GALVAN',NULL,'VARIOS',NULL,NULL,NULL,NULL,36300,7,'2016-11-06',7,'13','A5'),(392,'TAPA CIEGA OCT PROELE','TAPA CIEGA OCT PROELE',NULL,'VARIOS',NULL,NULL,NULL,NULL,36300,6,'2016-11-06',6,'14','A5'),(393,'TAPA CIEGA OCT GALVA','TAPA CIEGA OCT GALVA',NULL,'VARIOS',NULL,NULL,NULL,NULL,36300,9,'2016-11-06',9,'15','A5'),(394,'TAPA CIEGA 2400 PVC','TAPA CIEGA 2400 PVC',NULL,'VARIOS',NULL,NULL,NULL,NULL,36300,8,'2016-11-06',8,'16','A5'),(395,'TAPA CIEGA OCTAG PVC','TAPA CIEGA OCTAG PVC',NULL,'VARIOS',NULL,NULL,NULL,NULL,36300,60,'2016-11-06',60,'17','A5'),(396,'TAPA CIEGA 5800 PVC','TAPA CIEGA 5800 PVC',NULL,'VARIOS',NULL,NULL,NULL,NULL,36300,89,'2016-11-06',89,'18','A5'),(397,'2 X 2 + 2 ALUMINIO','2 X 2 + 2 ALUMINIO',NULL,'VARIOS',NULL,NULL,NULL,NULL,6000,45,'2016-11-06',45,'19','A5'),(398,'MONOFASICO 8 CIRCUITOS','MONOFASICO 8 CIRCUITOS',NULL,'VARIOS',NULL,NULL,NULL,NULL,2800,14,'2016-11-06',14,'20','A5'),(399,'TRIF 12 CTOS RIEL','TRIF 12 CTOS RIEL',NULL,'VARIOS',NULL,NULL,NULL,NULL,2800,18,'2016-11-06',18,'21','A5'),(400,'CABLE TRENZADO','CABLE TRENZADO',NULL,'VARIOS',NULL,NULL,NULL,NULL,2800,8,'2016-11-06',8,'22','A5'),(401,'VARILLA DE 1,50 X 1/2','VARILLA DE 1,50 X 1/2',NULL,'VARIOS',NULL,NULL,NULL,NULL,34350,2,'2016-11-06',2,'23','A5'),(402,'VARILLA DE 1,50 X 5/8','VARILLA DE 1,50 X 5/8',NULL,'VARIOS',NULL,NULL,NULL,NULL,43150,13,'2016-11-06',13,'24','A5'),(403,'VARILLA 1,80 X 1/2','VARILLA 1,80 X 1/2',NULL,'VARIOS',NULL,NULL,NULL,NULL,6000,6,'2016-11-06',6,'25','A5'),(404,'VARILLA 1,80 X 5/8','VARILLA 1,80 X 5/8',NULL,'VARIOS',NULL,NULL,NULL,NULL,6000,7,'2016-11-06',7,'1','A5'),(405,'VARILLA 2,40 X 1/2','VARILLA 2,40 X 1/2',NULL,'VARIOS',NULL,NULL,NULL,NULL,6000,52,'2016-11-06',52,'24','A5');
/*!40000 ALTER TABLE `producto` ENABLE KEYS */;
UNLOCK TABLES;

--
-- Table structure for table `salida`
--

DROP TABLE IF EXISTS `salida`;
/*!40101 SET @saved_cs_client     = @@character_set_client */;
/*!40101 SET character_set_client = utf8 */;
CREATE TABLE `salida` (
  `numfactura` varchar(12) NOT NULL,
  `producto` varchar(255) NOT NULL,
  `cantidad` int(12) NOT NULL
) ENGINE=MyISAM DEFAULT CHARSET=latin1;
/*!40101 SET character_set_client = @saved_cs_client */;

--
-- Dumping data for table `salida`
--

LOCK TABLES `salida` WRITE;
/*!40000 ALTER TABLE `salida` DISABLE KEYS */;
/*!40000 ALTER TABLE `salida` ENABLE KEYS */;
UNLOCK TABLES;

--
-- Table structure for table `user`
--

DROP TABLE IF EXISTS `user`;
/*!40101 SET @saved_cs_client     = @@character_set_client */;
/*!40101 SET character_set_client = utf8 */;
CREATE TABLE `user` (
  `_id_user` int(11) NOT NULL AUTO_INCREMENT,
  `email` varchar(50) NOT NULL,
  `contrasena` varchar(256) NOT NULL,
  `rol` varchar(10) NOT NULL,
  PRIMARY KEY (`_id_user`)
) ENGINE=MyISAM AUTO_INCREMENT=7 DEFAULT CHARSET=latin1;
/*!40101 SET character_set_client = @saved_cs_client */;

--
-- Dumping data for table `user`
--

LOCK TABLES `user` WRITE;
/*!40000 ALTER TABLE `user` DISABLE KEYS */;
INSERT INTO `user` VALUES (1,'a@admin.com','$2y$10$L69sDz29.CS9Cqu.MyqRKuZO.2o5pvWuOyoaqInRwROtlobAPQ/KS','admin'),(2,'a@almacen.com','$2y$10$g8AbIez6hz0EFpntbccJBuIbj99sQG7JydmTf/HWL6gfjkLuh2rRG','almacen'),(3,'aa@almacen.com','$2y$10$8fwDAL4SC6sY8dwC16neWO9Gy.iceqZ2uCZIiP9gGMrQHy4r1OTeG','almacen'),(4,'almacen2@almacen.com','$2y$10$ChOXl3N1vJ/k8G.mEHm7qOMVfuLXVtKCtRI84FR5xOY2KV1meMEW.','almacen'),(5,'aaa@almacen.com','$2y$10$6MtJALoJQ7J3PBI3Zz51ZOu8XHLolWo82rtdbLNNqG2diNjFQsg/C','almacen'),(6,'prueba@prueba.com','$2y$10$.lgF7qzLwlYBMMprkjdY8OlgA7hQ4IW00UeGLWq6gw.b3aT6tDvN6','almacen');
/*!40000 ALTER TABLE `user` ENABLE KEYS */;
UNLOCK TABLES;
/*!40103 SET TIME_ZONE=@OLD_TIME_ZONE */;

/*!40101 SET SQL_MODE=@OLD_SQL_MODE */;
/*!40014 SET FOREIGN_KEY_CHECKS=@OLD_FOREIGN_KEY_CHECKS */;
/*!40014 SET UNIQUE_CHECKS=@OLD_UNIQUE_CHECKS */;
/*!40101 SET CHARACTER_SET_CLIENT=@OLD_CHARACTER_SET_CLIENT */;
/*!40101 SET CHARACTER_SET_RESULTS=@OLD_CHARACTER_SET_RESULTS */;
/*!40101 SET COLLATION_CONNECTION=@OLD_COLLATION_CONNECTION */;
/*!40111 SET SQL_NOTES=@OLD_SQL_NOTES */;

-- Dump completed on 2016-11-19 13:37:16
